156068379424268(ns),accelerometer,0.11731588,5.855619,10.633248
156068559234737(ns),accelerometer,0.6997054,4.2598834,4.9242744
156068739138018(ns),accelerometer,1.602918,5.1200004,6.5337763
156068918659893(ns),accelerometer,0.52253455,7.363966,10.108918
156069098235049(ns),accelerometer,-1.5562311,1.8926164,-0.41299978
156069277866143(ns),accelerometer,0.5734113,0.45130703,5.092467
156069457440309(ns),accelerometer,4.6285906,-9.8276,19.612701
156069636492184(ns),accelerometer,2.3014264,-5.134964,8.62152
156069816194476(ns),accelerometer,-4.96737,2.0691888,-2.8293478
156069996080361(ns),accelerometer,1.9716251,-0.6865373,1.4867992
156070100183382(ns),accelerometer,17.253216,0.6278794,13.7127905
156070105183433(ns),accelerometer,18.127699,0.7230489,14.843452
156070110330413(ns),accelerometer,19.019539,0.87567925,15.834652
156070115073433(ns),accelerometer,19.612701,1.0193313,16.724695
156070120234788(ns),accelerometer,19.612701,1.2294226,17.481863
156070124962444(ns),accelerometer,19.612701,1.5436616,18.087595
156070129888069(ns),accelerometer,19.612701,1.9261353,18.529325
156070134819840(ns),accelerometer,19.612701,2.3235726,18.796877
156070139818121(ns),accelerometer,19.612701,2.7401638,19.008165
156070144717965(ns),accelerometer,19.612701,3.2034419,19.193117
156070149646715(ns),accelerometer,19.612701,3.5643678,19.46845
156070154648225(ns),accelerometer,19.612701,3.875614,19.612701
156070159602392(ns),accelerometer,19.612701,4.167108,19.612701
156070164411975(ns),accelerometer,19.612701,4.4514194,19.612701
156070169463798(ns),accelerometer,19.612701,4.681263,19.612701
156070174396975(ns),accelerometer,19.612701,4.882974,19.612701
156070180271507(ns),accelerometer,19.612701,5.04997,19.612701
156070184230933(ns),accelerometer,19.612701,5.1768627,19.612701
156070189175100(ns),accelerometer,19.612701,5.283405,19.612701
156070194114319(ns),accelerometer,19.612701,5.3701944,19.612701
156070199101975(ns),accelerometer,19.582775,5.450999,19.34036
156070204020881(ns),accelerometer,19.218855,5.514445,18.951303
156070208985986(ns),accelerometer,18.830397,5.595848,18.39944
156070213932340(ns),accelerometer,18.422783,5.629367,17.693151
156070218909007(ns),accelerometer,18.058266,5.5300074,16.944365
156070223809215(ns),accelerometer,17.729662,5.4204726,16.23987
156070228871298(ns),accelerometer,17.520767,5.3558292,15.5359745
156070233956454(ns),accelerometer,17.40405,5.2941785,14.749479
156070238847965(ns),accelerometer,17.345991,5.170877,13.897143
156070243680985(ns),accelerometer,17.227478,4.9763484,13.074736
156070248647444(ns),accelerometer,17.017387,4.799177,12.366052
156070253575569(ns),accelerometer,16.67741,4.6501384,11.795034
156070258529996(ns),accelerometer,16.256031,4.4873323,11.426927
156070263627340(ns),accelerometer,15.74427,4.337695,11.2605295
156070268954736(ns),accelerometer,15.301343,4.1371803,11.138425
156070273538381(ns),accelerometer,14.878168,3.851672,11.21085
156070278792652(ns),accelerometer,14.412496,3.5571852,11.374852
156070283516038(ns),accelerometer,13.977349,3.2728736,11.525687
156070288319736(ns),accelerometer,13.666702,2.932897,11.772888
156070293101975(ns),accelerometer,13.365631,2.5851393,12.141596
156070298023850(ns),accelerometer,13.22976,2.2307975,12.45344
156070303153017(ns),accelerometer,13.2351465,1.9069817,12.689269
156070308022444(ns),accelerometer,13.2752495,1.6196774,12.885593
156070313605517(ns),accelerometer,13.189058,1.276708,12.913127
156070317738798(ns),accelerometer,13.067553,0.94451255,12.947843
156070322622548(ns),accelerometer,12.964602,0.6596026,12.923303
156070327892600(ns),accelerometer,12.863447,0.39743748,12.748526
156070332664996(ns),accelerometer,12.689269,0.10295067,12.472593
156070337628382(ns),accelerometer,12.377424,-0.1945289,12.130821
156070342692704(ns),accelerometer,11.854291,-0.39743748,11.798027
156070347556923(ns),accelerometer,11.211448,-0.59735334,11.530476
156070352626871(ns),accelerometer,10.547057,-0.8110358,11.307216
156070358535152(ns),accelerometer,9.923966,-0.9840169,11.016919
156070362478017(ns),accelerometer,9.312247,-1.1270704,10.556035
156070367411455(ns),accelerometer,8.72507,-1.2587515,10.036493
156070372360517(ns),accelerometer,8.133701,-1.3581109,9.569026
156070377029007(ns),accelerometer,7.6165543,-1.429937,9.076419
156070381981871(ns),accelerometer,7.216124,-1.5412674,8.555679
156070387393903(ns),accelerometer,6.9366007,-1.6663644,7.9756846
156070392009215(ns),accelerometer,6.5960255,-1.8112136,7.4591355
156070397182496(ns),accelerometer,6.1195793,-1.8860323,6.994062
156070402236819(ns),accelerometer,5.638345,-1.91596,6.697779
156070406995569(ns),accelerometer,5.1613,-1.9416976,6.4284315
156070411957496(ns),accelerometer,4.689044,-1.9746178,6.1357403
156070416958226(ns),accelerometer,4.14975,-2.071583,5.8508306
156070421896246(ns),accelerometer,3.6224272,-2.132635,5.6580973
156070426934423(ns),accelerometer,3.0891187,-2.15538,5.5377884
156070431862444(ns),accelerometer,2.610877,-2.0901382,5.3899465
156070436707757(ns),accelerometer,2.1757307,-2.0159178,5.221155
156070441639111(ns),accelerometer,1.8261774,-1.9853917,4.995502
156070446943903(ns),accelerometer,1.5173253,-2.0045455,4.731541
156070451430569(ns),accelerometer,1.1917139,-1.9847932,4.5364137
156070456511455(ns),accelerometer,0.76315176,-1.8962077,4.394557
156070461150361(ns),accelerometer,0.31004912,-1.6932992,4.267066
156070466176559(ns),accelerometer,-0.1592144,-1.4377182,4.1120415
156070471418017(ns),accelerometer,-0.57281274,-1.2617443,3.8444893
156070475930153(ns),accelerometer,-0.94331545,-1.146224,3.530849
156070482276350(ns),accelerometer,-1.2120646,-1.0654198,3.1830912
156070485951559(ns),accelerometer,-1.4760253,-0.95708215,2.8245595
156070490884684(ns),accelerometer,-1.8022354,-0.81402856,2.4582467
156070495938955(ns),accelerometer,-1.8022354,-0.81402856,2.4582467
156070500833329(ns),accelerometer,-2.0973208,-0.6877344,2.043451
156070506051403(ns),accelerometer,-2.460641,-0.5386954,1.6101006
156070510958225(ns),accelerometer,-2.8562827,-0.40402153,1.1971009
156070515818538(ns),accelerometer,-3.2609026,-0.29388827,0.7236475
156070520845361(ns),accelerometer,-3.679888,-0.2136825,0.29568392
156070525869528(ns),accelerometer,-4.159327,-0.10534488,-0.09816227
156070530603434(ns),accelerometer,-4.6860514,0.060453594,-0.48003745
156070536696403(ns),accelerometer,-5.7245364,0.43155485,-1.1821371
156070540509788(ns),accelerometer,-5.7245364,0.43155485,-1.1821371
156070545785101(ns),accelerometer,-6.203377,0.6823475,-1.5107412
156070550557548(ns),accelerometer,-6.663662,0.9068039,-1.7495629
156070555509266(ns),accelerometer,-7.1107793,1.0827777,-1.9249382
156070560445517(ns),accelerometer,-7.447763,1.3060371,-2.0362685
156070565410152(ns),accelerometer,-7.7183075,1.5831659,-2.2056582
156070570507288(ns),accelerometer,-7.903858,1.8010383,-2.416348
156070575324058(ns),accelerometer,-8.033145,1.9500773,-2.717419
156070580086246(ns),accelerometer,-8.121132,2.0685902,-3.0137014
156070585201194(ns),accelerometer,-8.186973,2.1296425,-3.2495303
156070590121819(ns),accelerometer,-8.244433,2.2056582,-3.3883939
156070594835621(ns),accelerometer,-8.2833395,2.2798786,-3.4278982
156070599756402(ns),accelerometer,-8.316259,2.304419,-3.429694
156070604727912(ns),accelerometer,-8.369531,2.3229742,-3.3087866
156070609439527(ns),accelerometer,-8.409035,2.291251,-3.1956608
156070614390152(ns),accelerometer,-8.435371,2.243367,-2.9879637
156070619367288(ns),accelerometer,-8.447941,2.142212,-2.7898436
156070624347392(ns),accelerometer,-8.44375,2.0488381,-2.5145104
156070629035725(ns),accelerometer,-8.397064,1.934515,-2.256535
156070634013954(ns),accelerometer,-8.352771,1.8698715,-2.0087352
156070638912079(ns),accelerometer,-8.243835,1.8130093,-1.8656816
156070643916923(ns),accelerometer,-8.133701,1.7262194,-1.7806876
156070648826975(ns),accelerometer,-8.007407,1.6274586,-1.7351977
156070653740412(ns),accelerometer,-7.8344264,1.5466543,-1.6873137
156070658824788(ns),accelerometer,-7.586028,1.4682442,-1.6298528
156070663750569(ns),accelerometer,-7.342418,1.435324,-1.590947
156070668712027(ns),accelerometer,-7.0605006,1.3892355,-1.5801731
156070673542340(ns),accelerometer,-6.7360864,1.3126211,-1.62686
156070678593486(ns),accelerometer,-6.405687,1.192911,-1.6418238
156070683517756(ns),accelerometer,-6.0758853,1.1228806,-1.6035166
156070688314580(ns),accelerometer,-5.7538652,1.0737995,-1.590947
156070693454944(ns),accelerometer,-5.473145,1.0348936,-1.596334
156070698427652(ns),accelerometer,-5.203199,0.98581254,-1.6627731
156070703352756(ns),accelerometer,-4.9188876,0.919972,-1.7735049
156070708217496(ns),accelerometer,-4.654328,0.825401,-1.9009962
156070714287131(ns),accelerometer,-4.378995,0.7200562,-2.0446482
156070718207392(ns),accelerometer,-4.1156325,0.6183026,-2.107496
156070723208121(ns),accelerometer,-3.8253357,0.5129577,-2.1039047
156070728127080(ns),accelerometer,-3.518878,0.40222588,-2.078167
156070733025725(ns),accelerometer,-3.1723173,0.2873042,-2.0374656
156070737821611(ns),accelerometer,-2.7862523,0.14065935,-1.9566613
156070742906246(ns),accelerometer,-2.4432828,0.037110128,-1.8177977
156070747800413(ns),accelerometer,-2.0566192,0.0047884034,-1.5221137
156070752823017(ns),accelerometer,-1.5400703,0.01436521,-1.0468647
156070757649163(ns),accelerometer,-0.86969376,-0.05207389,-0.52971715
156070762678798(ns),accelerometer,-0.09816227,-0.12629414,-0.054468088
156070767626715(ns),accelerometer,0.75596917,-0.14844051,0.4165911
156070772567444(ns),accelerometer,1.7537527,-0.23582886,0.7505822
156070777782340(ns),accelerometer,3.032855,-0.39384618,0.89423436
156070782718485(ns),accelerometer,4.380192,-0.6135142,1.0163386
156070787794944(ns),accelerometer,5.734113,-0.8283938,1.2156559
156070792600933(ns),accelerometer,6.9892735,-0.96067345,1.560421
156070800481819(ns),accelerometer,8.12592,-1.0169371,2.007538
156070802380204(ns),accelerometer,9.208099,-1.0342951,2.5773582
156070807122600(ns),accelerometer,10.333973,-1.1049241,3.244742
156070812267704(ns),accelerometer,11.559206,-1.1623849,3.9336734
156070817168850(ns),accelerometer,12.770672,-1.0737995,4.6561236
156070822131610(ns),accelerometer,13.500903,-0.83258367,5.4402246
156070826814580(ns),accelerometer,14.120403,-0.39683893,6.3153057
156070831949840(ns),accelerometer,15.7825775,-0.091578215,7.504027
156070836681767(ns),accelerometer,16.895882,0.17058687,8.301296
156070841675985(ns),accelerometer,17.473482,0.5446809,8.875904
156070846745621(ns),accelerometer,17.876307,1.0354922,9.299678
156070851612131(ns),accelerometer,18.240225,1.638831,9.752781
156070856538538(ns),accelerometer,18.497602,2.3169887,10.078991
156070861707444(ns),accelerometer,18.642452,2.9131448,10.203489
156070866536038(ns),accelerometer,18.623299,3.5182793,10.0903635
156070871732548(ns),accelerometer,18.625093,4.1341877,9.825804
156070876360361(ns),accelerometer,18.942924,4.6842556,9.496601
156070881472808(ns),accelerometer,19.554045,5.269039,9.118318
156070886398903(ns),accelerometer,19.554045,5.269039,9.118318
156070892023069(ns),accelerometer,19.612701,6.5684924,8.209718
156070896311976(ns),accelerometer,19.612701,6.5684924,8.209718
156070901518069(ns),accelerometer,19.612701,7.129334,7.6865845
156070906180621(ns),accelerometer,19.612701,7.6530657,7.2310877
156070910885361(ns),accelerometer,19.612701,8.14687,6.9647326
156070915885309(ns),accelerometer,19.612701,8.592192,6.9108634
156070921128850(ns),accelerometer,19.612701,8.97287,7.0742674
156070926093694(ns),accelerometer,19.612701,9.305663,7.3986816
156070931113017(ns),accelerometer,19.612701,9.5798,7.9511437
156070936012132(ns),accelerometer,19.612701,9.792884,8.531737
156070940744683(ns),accelerometer,19.612701,9.877279,9.213487
156070945886976(ns),accelerometer,19.612701,9.97604,10.110714
156070950858069(ns),accelerometer,19.612701,10.05864,11.089942
156070955810361(ns),accelerometer,19.612701,10.080188,11.975797
156070960734371(ns),accelerometer,19.612701,10.057443,12.675503
156070965745778(ns),accelerometer,19.612701,9.958682,13.201628
156070970740256(ns),accelerometer,19.612701,9.849147,13.526043
156070975669528(ns),accelerometer,19.612701,9.722255,13.715783
156070980607131(ns),accelerometer,19.612701,9.580399,13.701418
156070985533902(ns),accelerometer,19.550453,9.419388,13.490728
156070990512548(ns),accelerometer,18.994997,9.268554,13.109451
156070995295621(ns),accelerometer,18.460493,9.081805,12.648567
156071000346402(ns),accelerometer,17.971476,8.848969,12.140398
156071005272287(ns),accelerometer,17.581223,8.610147,11.60709
156071010235413(ns),accelerometer,17.274166,8.4108305,11.032481
156071014977600(ns),accelerometer,17.00841,8.250419,10.473435
156071020107392(ns),accelerometer,16.807297,8.093599,9.922171
156071025042756(ns),accelerometer,16.634315,7.9673047,9.334992
156071029999423(ns),accelerometer,16.487072,7.8224554,8.727464
156071034934631(ns),accelerometer,16.419436,7.623737,8.233061
156071039892184(ns),accelerometer,16.344017,7.4322004,7.780557
156071044833485(ns),accelerometer,16.178219,7.2448545,7.445967
156071049672913(ns),accelerometer,15.954362,7.0820484,7.2179193
156071054711975(ns),accelerometer,15.6790285,6.905476,7.092224
156071059644163(ns),accelerometer,15.421652,6.6905966,7.100005
156071064283746(ns),accelerometer,15.28997,6.4188547,7.1832037
156071070454423(ns),accelerometer,15.256452,6.1806316,7.27957
156071073992287(ns),accelerometer,15.142727,5.9968767,7.3244615
156071079441663(ns),accelerometer,15.037382,5.7736173,7.450157
156071084089579(ns),accelerometer,15.019425,5.470751,7.6225395
156071089021350(ns),accelerometer,14.903906,5.218761,7.7386584
156071093993381(ns),accelerometer,14.695011,4.953005,7.828441
156071099104059(ns),accelerometer,14.501081,4.6902413,7.916428
156071103776662(ns),accelerometer,14.280216,4.390966,8.011598
156071108538486(ns),accelerometer,13.945027,4.073136,8.045714
156071114047756(ns),accelerometer,13.586496,3.7588966,8.078635
156071118608954(ns),accelerometer,13.117232,3.5194764,8.231265
156071123906871(ns),accelerometer,12.635998,3.2902317,8.404845
156071128295413(ns),accelerometer,12.170326,3.0454245,8.491635
156071133799787(ns),accelerometer,11.732785,2.7814639,8.473679
156071138259527(ns),accelerometer,11.338341,2.5677812,8.350976
156071143359110(ns),accelerometer,10.964846,2.392406,8.181585
156071148113173(ns),accelerometer,10.579379,2.2337902,7.9876556
156071153003329(ns),accelerometer,10.217256,2.0697873,7.7350674
156071157940257(ns),accelerometer,9.918579,1.9135658,7.453748
156071163430100(ns),accelerometer,9.734824,1.751957,7.03596
156071168430361(ns),accelerometer,9.554661,1.6448165,6.5786676
156071173309214(ns),accelerometer,9.2547865,1.5394717,6.325481
156071177941350(ns),accelerometer,8.866327,1.4131776,6.247071
156071183115881(ns),accelerometer,8.464102,1.3162124,6.183026
156071188015361(ns),accelerometer,8.0606785,1.2276269,6.143522
156071193009839(ns),accelerometer,7.6494746,1.1665748,5.9639564
156071197980309(ns),accelerometer,7.227496,1.0905589,5.705383
156071202922444(ns),accelerometer,6.825869,0.98222125,5.3767786
156071207438746(ns),accelerometer,6.4817023,0.85891986,5.1409497
156071212357548(ns),accelerometer,6.131551,0.74878657,4.915296
156071217792184(ns),accelerometer,5.7107697,0.64463884,4.669292
156071222724475(ns),accelerometer,5.179257,0.55365914,4.3418846
156071227487705(ns),accelerometer,4.6393642,0.4369418,3.9953241
156071232651975(ns),accelerometer,4.056975,0.34835634,3.7313633
156071237079736(ns),accelerometer,3.4183214,0.29867667,3.41473
156071241942444(ns),accelerometer,2.77069,0.2645593,3.084929
156071247847913(ns),accelerometer,2.2038627,0.15322891,2.8257565
156071251825204(ns),accelerometer,1.7142484,0.065242,2.534861
156071256766142(ns),accelerometer,1.2389994,0.023942016,2.2439656
156071261708537(ns),accelerometer,0.7236475,-0.025139118,1.99437
156071266636038(ns),accelerometer,0.25617957,-0.033518825,1.8477252
156071271746298(ns),accelerometer,-0.18794483,-0.11252748,1.6867151
156071276575673(ns),accelerometer,-0.59017074,-0.15083471,1.5041572
156071281502808(ns),accelerometer,-1.1384429,-0.17896658,1.2623428
156071286491090(ns),accelerometer,-1.1384429,-0.17896658,1.2623428
156071291530725(ns),accelerometer,-1.7806876,-0.17597382,1.0881647
156071296390986(ns),accelerometer,-2.4504654,-0.12330139,0.9600749
156071301519423(ns),accelerometer,-3.105878,-0.019153614,0.8110358
156071306441923(ns),accelerometer,-3.7954082,0.11791443,0.5446809
156071311325465(ns),accelerometer,-4.4981065,0.28191724,0.24660277
156071315984476(ns),accelerometer,-5.140351,0.44592008,-0.130484
156071320922860(ns),accelerometer,-5.6802435,0.59376204,-0.39983168
156071325913382(ns),accelerometer,-6.2075663,0.7781156,-0.6823475
156071331233694(ns),accelerometer,-6.6445084,0.973243,-0.908001
156071336152548(ns),accelerometer,-7.0329676,1.1558008,-1.146224
156071341145621(ns),accelerometer,-7.3867106,1.3215994,-1.3078327
156071345912392(ns),accelerometer,-7.6590514,1.4736311,-1.417966
156071351032652(ns),accelerometer,-7.826047,1.6484078,-1.4939818
156071355922600(ns),accelerometer,-7.9451585,1.7866731,-1.5592239
156071361054319(ns),accelerometer,-8.004415,1.9021933,-1.6382325
156071365924319(ns),accelerometer,-8.056489,1.9560628,-1.7393875
156071370941610(ns),accelerometer,-8.088212,2.0290859,-1.8363527
156071375950725(ns),accelerometer,-8.160637,2.0979192,-1.9488802
156071380321715(ns),accelerometer,-8.207922,2.1631613,-2.0368671
156071385252183(ns),accelerometer,-8.326435,2.2110453,-2.123657
156071390736454(ns),accelerometer,-8.443152,2.267309,-2.148796
156071395611559(ns),accelerometer,-8.608353,2.333748,-2.2224178
156071400604944(ns),accelerometer,-8.771158,2.3798366,-2.3265655
156071405512912(ns),accelerometer,-8.9363575,2.3600843,-2.3702598
156071410174996(ns),accelerometer,-9.096769,2.3002293,-2.4037786
156071415369162(ns),accelerometer,-9.264363,2.2631192,-2.3636756
156071420345725(ns),accelerometer,-9.379285,2.2816741,-2.143409
156071425969111(ns),accelerometer,-9.394249,2.272696,-1.9662381
156071429925413(ns),accelerometer,-9.403826,2.303222,-1.8315643
156071435193329(ns),accelerometer,-9.38168,2.308609,-1.7040731
156071439729736(ns),accelerometer,-9.378088,2.2870612,-1.5466543
156071444874683(ns),accelerometer,-9.399636,2.2583308,-1.377863
156071449808590(ns),accelerometer,-9.365519,2.2828712,-1.2060791
156071455008798(ns),accelerometer,-9.322423,2.2882583,-1.0462662
156071459679423(ns),accelerometer,-9.211093,2.2870612,-0.95229375
156071465075048(ns),accelerometer,-9.033921,2.297835,-0.87807345
156071469590152(ns),accelerometer,-8.772954,2.2786815,-0.79248077
156071474445829(ns),accelerometer,-8.485649,2.2840683,-0.83497787
156071479484058(ns),accelerometer,-8.192958,2.3289597,-0.8050503
156071484439839(ns),accelerometer,-7.8410106,2.3708582,-0.825401
156071489349475(ns),accelerometer,-7.533954,2.4139538,-0.9020155
156071494281298(ns),accelerometer,-7.21373,2.3876176,-0.9564836
156071499133590(ns),accelerometer,-6.904279,2.3505075,-1.1001357
156071504146298(ns),accelerometer,-6.634333,2.2655134,-1.3467385
156071509387600(ns),accelerometer,-6.3362546,2.1577742,-1.5227122
156071513903798(ns),accelerometer,-6.031593,2.023699,-1.6705543
156071518932548(ns),accelerometer,-5.7538652,1.827973,-1.7160441
156071524254162(ns),accelerometer,-5.479729,1.6154876,-1.7525556
156071528949631(ns),accelerometer,-5.170877,1.4239515,-1.6831238
156071533743694(ns),accelerometer,-4.8644195,1.210269,-1.5729905
156071538920309(ns),accelerometer,-4.561553,0.99898064,-1.4227544
156071543623329(ns),accelerometer,-4.2119994,0.7679402,-1.2641385
156071548555309(ns),accelerometer,-3.799598,0.53330845,-1.2018893
156071553743069(ns),accelerometer,-3.3363202,0.2633622,-1.1198878
156071558431975(ns),accelerometer,-2.8724434,-0.04129998,-0.98820674
156071563540100(ns),accelerometer,-2.3343468,-0.29688102,-0.6889315
156071568549423(ns),accelerometer,-1.7130513,-0.47644615,-0.3393781
156071573535985(ns),accelerometer,-0.997185,-0.61112,-0.016759412
156071578215100(ns),accelerometer,-0.19572599,-0.79367787,0.2801216
156071583529475(ns),accelerometer,0.61052144,-0.95468795,0.5315128
156071588167340(ns),accelerometer,1.5143325,-1.1420342,0.81163436
156071593366350(ns),accelerometer,2.6449943,-1.2491747,1.0588357
156071598245934(ns),accelerometer,3.8780081,-1.2952632,1.2210429
156071604169266(ns),accelerometer,5.0481744,-1.3772645,1.258153
156071607858121(ns),accelerometer,6.408081,-1.5316905,1.3204023
156071613160881(ns),accelerometer,7.8248496,-1.5837644,1.3251907
156071618061975(ns),accelerometer,9.216479,-1.5053543,1.2719196
156071622996558(ns),accelerometer,10.708067,-1.3365631,1.2473791
156071627970673(ns),accelerometer,12.200851,-1.0205284,1.2252327
156071632899319(ns),accelerometer,13.5775175,-0.63206923,1.1959038
156071637777965(ns),accelerometer,14.746487,-0.12868834,1.3042414
156071642813537(ns),accelerometer,15.8304615,0.28191724,1.5520413
156071647707340(ns),accelerometer,16.78096,0.6386533,1.9201498
156071652655048(ns),accelerometer,17.81286,1.0127473,2.5737667
156071657600204(ns),accelerometer,18.72206,1.4143747,3.277662
156071662541298(ns),accelerometer,19.60133,1.8830396,4.0144777
156071667476298(ns),accelerometer,19.612701,2.3624785,4.685453
156071672421975(ns),accelerometer,19.612701,2.9005754,5.4300494
156071677371663(ns),accelerometer,19.612701,2.9005754,5.4300494
156071682309058(ns),accelerometer,19.612701,3.539827,6.2482677
156071687068434(ns),accelerometer,19.612701,4.2281604,7.176021
156071692012652(ns),accelerometer,19.612701,4.9625816,8.059482
156071697124163(ns),accelerometer,19.612701,5.7538652,8.775348
156071702117235(ns),accelerometer,19.612701,6.5858502,9.28232
156071707045361(ns),accelerometer,19.612701,7.4441714,9.574412
156071711737235(ns),accelerometer,19.612701,8.248025,9.69532
156071716949163(ns),accelerometer,19.612701,8.879496,9.7719345
156071721679162(ns),accelerometer,19.612701,9.450513,9.831789
156071726802392(ns),accelerometer,19.612701,10.01734,9.96766
156071731733798(ns),accelerometer,19.612701,10.634445,9.979631
156071736450257(ns),accelerometer,19.612701,11.322779,9.715671
156071741634996(ns),accelerometer,19.612701,11.9297085,9.201516
156071746232965(ns),accelerometer,19.612701,12.433688,8.585009
156071751192183(ns),accelerometer,19.612701,12.887988,8.013991
156071755990257(ns),accelerometer,19.612701,13.280637,7.4082584
156071760922340(ns),accelerometer,19.612701,13.635577,6.895301
156071765880986(ns),accelerometer,19.612701,13.967175,6.3967085
156071770931090(ns),accelerometer,19.612701,14.188638,5.8598084
156071776066090(ns),accelerometer,19.612701,14.310742,5.400122
156071781901037(ns),accelerometer,19.612701,14.323312,5.089474
156071785567443(ns),accelerometer,19.612701,14.29099,4.9320555
156071790560881(ns),accelerometer,19.612701,14.219164,4.730344
156071795733955(ns),accelerometer,19.612701,14.039598,4.5783124
156071800565256(ns),accelerometer,19.612701,13.809156,4.4819455
156071805371922(ns),accelerometer,19.564219,13.534422,4.386776
156071810579840(ns),accelerometer,18.838776,13.22976,4.4382515
156071815444006(ns),accelerometer,18.153437,12.907142,4.5040917
156071820256402(ns),accelerometer,17.538126,12.582129,4.590882
156071825339370(ns),accelerometer,17.046717,12.222999,4.7255554
156071830363902(ns),accelerometer,16.675016,11.823167,4.9284644
156071835055985(ns),accelerometer,16.434399,11.438298,5.153519
156071840260308(ns),accelerometer,16.312294,11.072584,5.392939
156071845181089(ns),accelerometer,16.29374,10.716447,5.567716
156071849910621(ns),accelerometer,16.292543,10.350134,5.7149596
156071854799527(ns),accelerometer,16.286556,9.916184,5.8125234
156071860019267(ns),accelerometer,16.347609,9.476251,5.8029466
156071864958277(ns),accelerometer,16.300922,9.061455,5.7400985
156071869468433(ns),accelerometer,16.098013,8.718486,5.66947
156071874865412(ns),accelerometer,15.865177,8.384495,5.607819
156071879846715(ns),accelerometer,15.586852,8.04751,5.54138
156071884759162(ns),accelerometer,15.219341,7.753622,5.406706
156071889609579(ns),accelerometer,14.850635,7.4681134,5.3205147
156071894624683(ns),accelerometer,14.516644,7.211934,5.2522798
156071899556350(ns),accelerometer,14.097059,6.9767036,5.28939
156071904366818(ns),accelerometer,13.781624,6.7223196,5.327099
156071909231975(ns),accelerometer,13.52724,6.459556,5.305551
156071914468120(ns),accelerometer,13.281236,6.143522,5.2624555
156071919315308(ns),accelerometer,13.039421,5.8083334,5.229535
156071923988641(ns),accelerometer,12.811972,5.514445,5.231331
156071929248433(ns),accelerometer,12.584522,5.2726307,5.2684407
156071933919891(ns),accelerometer,12.30081,5.0601454,5.3145294
156071938887236(ns),accelerometer,11.951257,4.783615,5.2241483
156071944061818(ns),accelerometer,11.553221,4.4274774,5.0798974
156071949004475(ns),accelerometer,11.122264,4.1156325,4.8841715
156071953699527(ns),accelerometer,10.650007,3.8055837,4.791396
156071959447704(ns),accelerometer,10.269928,3.57993,4.80636
156071963957600(ns),accelerometer,10.001778,3.393781,4.8961425
156071968562652(ns),accelerometer,9.704298,3.2363622,4.9362454
156071973715152(ns),accelerometer,9.368511,3.0711622,4.9865236
156071978715361(ns),accelerometer,8.9998045,2.8652608,4.9146976
156071983691818(ns),accelerometer,8.608353,2.6240451,4.830302
156071988605777(ns),accelerometer,8.150461,2.4361002,4.6980224
156071993327756(ns),accelerometer,7.69257,2.2720973,4.5801077
156071998380724(ns),accelerometer,7.2484455,2.1134815,4.4675803
156072003292078(ns),accelerometer,6.7265096,1.9973627,4.23235
156072008112547(ns),accelerometer,6.177639,1.8650831,3.9468415
156072013362026(ns),accelerometer,5.620987,1.7770962,3.5930982
156072017991141(ns),accelerometer,5.1122193,1.7579426,3.2626984
156072023045776(ns),accelerometer,4.775235,1.7375919,2.966416
156072027905047(ns),accelerometer,4.510676,1.697489,2.641403
156072032819474(ns),accelerometer,4.256292,1.7106571,2.3080103
156072037794994(ns),accelerometer,3.9534256,1.702876,1.9722236
156072042692702(ns),accelerometer,3.6014779,1.6729485,1.8058267
156072047634629(ns),accelerometer,3.2249897,1.6053122,1.7687165
156072052565931(ns),accelerometer,2.8293478,1.5777789,1.7741034
156072057369838(ns),accelerometer,2.3654714,1.5837644,1.8237832
156072062699942(ns),accelerometer,1.9045875,1.5616181,1.9111716
156072067431610(ns),accelerometer,1.9045875,1.5616181,1.9111716
156072072236454(ns),accelerometer,1.435324,1.5801731,1.9662381
156072077303902(ns),accelerometer,0.9552865,1.5933412,2.0069396
156072082476402(ns),accelerometer,0.41838676,1.6023195,1.9758149
156072087150464(ns),accelerometer,-0.047884032,1.6238673,1.9806033
156072092113380(ns),accelerometer,-0.46806642,1.6903064,2.0213048
156072096858381(ns),accelerometer,-0.8050503,1.8291701,1.927931
156072101808016(ns),accelerometer,-1.0432734,1.9387048,1.8429368
156072107147443(ns),accelerometer,-1.3126211,2.0757728,1.738789
156072112209943(ns),accelerometer,-1.608305,2.1733365,1.5382746
156072117097548(ns),accelerometer,-1.9015948,2.273893,1.2850877
156072121747756(ns),accelerometer,-2.1841104,2.3295584,1.0348936
156072126715464(ns),accelerometer,-2.4899697,2.3421278,0.81402856
156072131959266(ns),accelerometer,-2.7928362,2.384625,0.61770403
156072137688433(ns),accelerometer,-3.496133,2.4468741,0.38845924
156072141564579(ns),accelerometer,-3.496133,2.4468741,0.38845924
156072146690308(ns),accelerometer,-3.8857894,2.4528596,0.22625206
156072151729318(ns),accelerometer,-4.2940006,2.504335,0.06344634
156072156131558(ns),accelerometer,-4.76087,2.5570073,-0.0664391
156072161576349(ns),accelerometer,-5.221155,2.6222494,-0.16579847
156072166653954(ns),accelerometer,-5.6760535,2.707842,-0.29328972
156072171335151(ns),accelerometer,-6.1237693,2.7760768,-0.39025488
156072175947496(ns),accelerometer,-6.539762,2.8724434,-0.4938041
156072181385151(ns),accelerometer,-6.906075,2.9921536,-0.57999533
156072185996298(ns),accelerometer,-7.271789,3.1322143,-0.6799533
156072191012443(ns),accelerometer,-7.5974007,3.256713,-0.81043726
156072195961350(ns),accelerometer,-7.8344264,3.3261447,-0.943914
156072201221610(ns),accelerometer,-8.00621,3.3794158,-1.1085154
156072205975985(ns),accelerometer,-8.074445,3.4272997,-1.2850877
156072210934995(ns),accelerometer,-8.12592,3.4518404,-1.4718355
156072216024839(ns),accelerometer,-8.182184,3.4518404,-1.7112557
156072220868485(ns),accelerometer,-8.201338,3.4919431,-1.9506758
156072225750568(ns),accelerometer,-8.215703,3.5021186,-2.3523033
156072230818381(ns),accelerometer,-8.208521,3.4368765,-2.5264814
156072235885516(ns),accelerometer,-8.206126,3.3321302,-2.4929626
156072240584474(ns),accelerometer,-8.249821,3.3393128,-2.4528596
156072245766298(ns),accelerometer,-8.362348,3.4464533,-2.408567
156072250573537(ns),accelerometer,-8.47727,3.3752258,-2.4666264
156072255253484(ns),accelerometer,-8.473679,3.2279825,-2.633622
156072260142391(ns),accelerometer,-8.430583,3.0639796,-2.707842
156072265341505(ns),accelerometer,-8.399458,2.980781,-2.7246015
156072270053641(ns),accelerometer,-8.34918,2.8921957,-2.7192147
156072275229682(ns),accelerometer,-8.291121,2.8060043,-2.670732
156072279993797(ns),accelerometer,-8.221688,2.6809072,-2.6246436
156072285164057(ns),accelerometer,-8.166023,2.5731683,-2.598906
156072289788902(ns),accelerometer,-8.124125,2.4193408,-2.5354595
156072294887859(ns),accelerometer,-8.076241,2.2505496,-2.348712
156072299994006(ns),accelerometer,-8.009203,2.0859482,-2.2224178
156072304866193(ns),accelerometer,-7.964312,1.8986019,-2.030283
156072309556922(ns),accelerometer,-7.8332295,1.6986861,-1.8189948
156072315232703(ns),accelerometer,-7.6788034,1.5269021,-1.6005238
156072319222547(ns),accelerometer,-7.5590935,1.365892,-1.3299791
156072324563641(ns),accelerometer,-7.435792,1.2276269,-1.0253168
156072329131141(ns),accelerometer,-7.3088994,1.0767922,-0.7954735
156072334063485(ns),accelerometer,-7.15567,0.94451255,-0.6063316
156072339297599(ns),accelerometer,-6.9916677,0.81283146,-0.50278234
156072344361662(ns),accelerometer,-6.8013287,0.6889315,-0.5093664
156072349422599(ns),accelerometer,-6.5367694,0.5686229,-0.49919105
156072354388016(ns),accelerometer,-6.2105594,0.44651863,-0.5554548
156072359314527(ns),accelerometer,-5.8041434,0.27114335,-0.59615624
156072364239214(ns),accelerometer,-5.3420625,0.11312603,-0.65660983
156072369213068(ns),accelerometer,-4.8225207,-0.024540568,-0.7386112
156072374107287(ns),accelerometer,-4.2880154,-0.14425065,-0.82899237
156072378947027(ns),accelerometer,-3.7553053,-0.2741361,-0.8870517
156072383942807(ns),accelerometer,-3.300407,-0.41599256,-0.9211691
156072388436141(ns),accelerometer,-2.8622682,-0.5482722,-0.85293436
156072393366505(ns),accelerometer,-2.4768016,-0.641646,-0.7128736
156072398389631(ns),accelerometer,-2.0093338,-0.6703765,-0.40581718
156072403805568(ns),accelerometer,-1.4089876,-0.60453594,-0.11252748
156072408776506(ns),accelerometer,-0.7248446,-0.52971715,0.06344634
156072413554735(ns),accelerometer,-0.053869538,-0.46627077,0.17657238
156072418461558(ns),accelerometer,0.6572084,-0.3878607,0.22984336
156072423398641(ns),accelerometer,1.4239515,-0.31064767,0.36032736
156072428340933(ns),accelerometer,2.2296004,-0.25019407,0.47524905
156072433494422(ns),accelerometer,3.0765493,-0.21068975,0.52732295
156072438155829(ns),accelerometer,3.968988,-0.25258827,0.6075287
156072443101193(ns),accelerometer,5.0332108,-0.23163901,0.6721721
156072447996610(ns),accelerometer,6.244078,-0.13227965,0.7254431
156072452722183(ns),accelerometer,7.467515,0.05267244,0.8319851
156072457659475(ns),accelerometer,8.64666,0.29149407,1.0031705
156072462952547(ns),accelerometer,8.64666,0.29149407,1.0031705
156072467806870(ns),accelerometer,9.811439,0.56682724,1.2114661
156072472793641(ns),accelerometer,10.951078,0.9187749,1.4808137
156072477884631(ns),accelerometer,12.027272,1.2018893,1.7351977
156072482641766(ns),accelerometer,13.149554,1.5664065,2.0991163
156072487522027(ns),accelerometer,14.197616,2.1493945,2.3774424
156072493438485(ns),accelerometer,16.121357,3.1615434,2.9269116
156072497435412(ns),accelerometer,16.121357,3.1615434,2.9269116
156072502612443(ns),accelerometer,16.923414,3.632004,3.2800562
156072507330777(ns),accelerometer,17.314268,4.2580876,3.7541082
156072512461974(ns),accelerometer,17.527351,4.9781437,4.374805
156072517440568(ns),accelerometer,17.673998,5.7107697,4.9613843
156072522406922(ns),accelerometer,17.915812,6.3667808,5.391144
156072527102339(ns),accelerometer,18.193539,6.9132576,5.5844755
156072532262808(ns),accelerometer,19.068022,7.4986396,5.7748146
156072536964214(ns),accelerometer,19.612701,8.0684595,5.7017913
156072542041922(ns),accelerometer,19.612701,8.69993,5.527613
156072547004735(ns),accelerometer,19.612701,9.360131,5.3079453
156072551988693(ns),accelerometer,19.612701,10.043077,5.142745
156072556723745(ns),accelerometer,19.612701,10.69849,4.899135
156072562055047(ns),accelerometer,19.612701,11.298837,4.685453
156072566955516(ns),accelerometer,19.612701,11.804611,4.5154643
156072571903745(ns),accelerometer,19.612701,12.260707,4.534618
156072576812339(ns),accelerometer,19.612701,12.631209,4.674679
156072581794110(ns),accelerometer,19.612701,12.902353,5.109825
156072586386818(ns),accelerometer,19.612701,13.135189,5.7107697
156072591195360(ns),accelerometer,19.612701,13.339294,6.311714
156072596553277(ns),accelerometer,19.612701,13.466786,6.8599863
156072601567651(ns),accelerometer,19.612701,13.55178,7.359776
156072606877756(ns),accelerometer,19.612701,13.600862,7.8027034
156072611355516(ns),accelerometer,19.612701,13.63019,8.191761
156072616350673(ns),accelerometer,19.612701,13.603854,8.444349
156072621241506(ns),accelerometer,19.612701,13.557766,8.474875
156072626185256(ns),accelerometer,19.612701,13.44883,8.359355
156072631130672(ns),accelerometer,19.612701,13.296199,8.258201
156072636104318(ns),accelerometer,19.251177,13.144766,8.021174
156072641139214(ns),accelerometer,18.687344,13.008296,7.802105
156072645935725(ns),accelerometer,18.096573,12.86644,7.504027
156072650993224(ns),accelerometer,17.545908,12.685678,7.187992
156072655832131(ns),accelerometer,17.067665,12.448651,6.749853
156072660441245(ns),accelerometer,16.68938,12.216414,6.3524156
156072667243745(ns),accelerometer,16.420034,11.974001,6.017826
156072671168381(ns),accelerometer,16.212934,11.769297,5.7083755
156072675180359(ns),accelerometer,16.056713,11.588534,5.33069
156072680582599(ns),accelerometer,15.948975,11.392809,4.9961004
156072685501505(ns),accelerometer,15.88493,11.192893,4.6154222
156072689968068(ns),accelerometer,15.831658,10.971429,4.2275615
156072695238276(ns),accelerometer,15.76103,10.755353,3.9378633
156072700281870(ns),accelerometer,15.68681,10.53329,3.7349546
156072705160828(ns),accelerometer,15.566501,10.304046,3.5889084
156072710081297(ns),accelerometer,15.393519,10.080188,3.5248635
156072714994370(ns),accelerometer,15.262437,9.876082,3.5619736
156072719950099(ns),accelerometer,15.155296,9.701904,3.7565024
156072724952859(ns),accelerometer,15.022419,9.540894,3.9869444
156072729413433(ns),accelerometer,14.896723,9.320028,4.1677065
156072734365151(ns),accelerometer,14.790181,9.075222,4.295198
156072739774526(ns),accelerometer,14.683041,8.819042,4.419098
156072744710099(ns),accelerometer,14.570513,8.547898,4.495114
156072749384631(ns),accelerometer,14.449606,8.245032,4.5567646
156072754307391(ns),accelerometer,14.281413,7.901464,4.586692
156072759521870(ns),accelerometer,14.105439,7.565677,4.6232033
156072764331193(ns),accelerometer,13.846866,7.225701,4.6662993
156072769367912(ns),accelerometer,13.535021,6.9198413,4.6686935
156072774242182(ns),accelerometer,13.268666,6.628946,4.7429137
156072779222704(ns),accelerometer,13.131,6.331466,4.8141413
156072784155047(ns),accelerometer,12.931682,6.0501475,4.8225207
156072789111349(ns),accelerometer,12.713211,5.6658783,4.770447
156072794033484(ns),accelerometer,12.481572,5.281609,4.635773
156072799004526(ns),accelerometer,12.079945,4.9625816,4.525041
156072803921401(ns),accelerometer,11.681909,4.6513352,4.5082817
156072808976974(ns),accelerometer,11.258135,4.35625,4.4879313
156072813836453(ns),accelerometer,10.726623,4.0019083,4.4364557
156072818778068(ns),accelerometer,10.127473,3.7032316,4.3526587
156072823719787(ns),accelerometer,9.442732,3.4674027,4.1718965
156072828644943(ns),accelerometer,8.711902,3.3022027,3.9516299
156072833616401(ns),accelerometer,8.074445,3.1184478,3.7349546
156072838545464(ns),accelerometer,7.5148005,2.907758,3.4901476
156072843488797(ns),accelerometer,7.033566,2.6485856,3.2369606
156072849325360(ns),accelerometer,6.6283474,2.4169466,2.9364884
156072853334370(ns),accelerometer,6.6283474,2.4169466,2.9364884
156072858309422(ns),accelerometer,6.295553,2.2278047,2.6390088
156072863245516(ns),accelerometer,5.9681463,2.1266496,2.429516
156072868094995(ns),accelerometer,5.687426,2.0404584,2.2679076
156072873125984(ns),accelerometer,5.410896,1.9285295,2.1392193
156072878110829(ns),accelerometer,5.061941,1.8237832,1.9716251
156072883025307(ns),accelerometer,4.6764746,1.6645688,1.8974048
156072887785777(ns),accelerometer,4.3047748,1.4856021,1.9303252
156072892918693(ns),accelerometer,3.8498764,1.3718776,1.9991584
156072897878433(ns),accelerometer,3.3375173,1.2563573,2.094328
156072902797078(ns),accelerometer,2.8275523,1.1318588,2.195483
156072907724995(ns),accelerometer,2.321777,1.0115502,2.2421699
156072912687287(ns),accelerometer,1.8022354,0.9068039,2.2337902
156072917651610(ns),accelerometer,1.2473791,0.81402856,2.2254105
156072922543537(ns),accelerometer,0.6787562,0.7811083,2.2008698
156072927234058(ns),accelerometer,0.108337626,0.7727286,2.1811178
156072932312860(ns),accelerometer,-0.46447513,0.79367787,2.034473
156072937254527(ns),accelerometer,-1.0085574,0.86131406,1.9135658
156072942322703(ns),accelerometer,-1.4933833,0.97503865,1.7998412
156072947305985(ns),accelerometer,-1.887828,1.0941502,1.685518
156072952204735(ns),accelerometer,-2.1978772,1.1833342,1.5496471
156072957187339(ns),accelerometer,-2.4959552,1.3269863,1.3730747
156072962100516(ns),accelerometer,-2.8724434,1.4760253,1.174356
156072967039266(ns),accelerometer,-3.233968,1.6041151,0.91817635
156072971987235(ns),accelerometer,-3.5978866,1.6813282,0.700304
156072976951662(ns),accelerometer,-3.970185,1.8118122,0.5566519
156072981872703(ns),accelerometer,-4.2640734,1.9213469,0.439336
156072986738225(ns),accelerometer,-4.5142674,2.0015526,0.35194764
156072991799422(ns),accelerometer,-4.7459064,2.0608091,0.25737667
156072996503225(ns),accelerometer,-4.982932,2.098518,0.12090719
156073001638641(ns),accelerometer,-5.2678423,2.134431,-0.06464344
156073006368381(ns),accelerometer,-5.580884,2.1667526,-0.27353755
156073011417443(ns),accelerometer,-5.9082913,2.1775265,-0.3561375
156073016248381(ns),accelerometer,-6.2351,2.2056582,-0.47345337
156073021338641(ns),accelerometer,-6.576872,2.272696,-0.5722142
156073027256870(ns),accelerometer,-6.9360023,2.344522,-0.7044938
156073031438485(ns),accelerometer,-7.293337,2.3810337,-0.93493575
156073036101193(ns),accelerometer,-7.667431,2.4025815,-1.1378443
156073041200151(ns),accelerometer,-8.054693,2.4432828,-1.2904748
156073045930620(ns),accelerometer,-8.391078,2.505532,-1.3838485
156073051898224(ns),accelerometer,-8.707113,2.6156654,-1.4341269
156073056020985(ns),accelerometer,-8.970475,2.7287915,-1.4903905
156073060963589(ns),accelerometer,-9.211691,2.806603,-1.5382746
156073065836350(ns),accelerometer,-9.400833,2.8628666,-1.6059108
156073070894110(ns),accelerometer,-9.51336,2.8808231,-1.6950948
156073075906714(ns),accelerometer,-9.548077,2.8802247,-1.785476
156073080923641(ns),accelerometer,-9.554062,2.8508956,-1.9195513
156073085958120(ns),accelerometer,-9.52593,2.8275523,-2.0530279
156073090809787(ns),accelerometer,-9.462483,2.7820623,-2.1003134
156073095766610(ns),accelerometer,-9.351752,2.6940753,-2.2026656
156073100665828(ns),accelerometer,-9.185355,2.6222494,-2.297835
156073105708850(ns),accelerometer,-9.005191,2.5570073,-2.3295584
156073110443276(ns),accelerometer,-8.846576,2.5181017,-2.2661119
156073115476453(ns),accelerometer,-8.656237,2.4343045,-2.2631192
156073120430985(ns),accelerometer,-8.450933,2.3780408,-2.195483
156073125536245(ns),accelerometer,-8.311471,2.355296,-2.12246
156073130070828(ns),accelerometer,-8.204929,2.315193,-2.0320787
156073135268641(ns),accelerometer,-8.129512,2.2619221,-1.9027919
156073140219474(ns),accelerometer,-8.095993,2.1996727,-1.8118122
156073145163276(ns),accelerometer,-8.02297,2.1703439,-1.7423803
156073150131453(ns),accelerometer,-7.9571295,2.1021092,-1.5903485
156073155060463(ns),accelerometer,-7.8607626,2.0260932,-1.429937
156073159992912(ns),accelerometer,-7.7907324,2.0189106,-1.3575124
156073164933745(ns),accelerometer,-7.703344,1.9997569,-1.3497312
156073169555776(ns),accelerometer,-7.5525093,1.9405005,-1.3934253
156073174301713(ns),accelerometer,-7.3472066,1.8734628,-1.5280992
156073179292443(ns),accelerometer,-7.132327,1.8064252,-1.6142905
156073184210516(ns),accelerometer,-6.873753,1.7794905,-1.6627731
156073190079630(ns),accelerometer,-6.63972,1.7818847,-1.6938977
156073194029630(ns),accelerometer,-6.4026937,1.7441759,-1.6765398
156073199427599(ns),accelerometer,-6.1926026,1.7070658,-1.560421
156073205288536(ns),accelerometer,-5.9184666,1.6915035,-1.4688427
156073209320881(ns),accelerometer,-5.6586957,1.6795325,-1.3856442
156073214247651(ns),accelerometer,-5.3037553,1.6406267,-1.3509283
156073219289578(ns),accelerometer,-4.8763905,1.5520413,-1.3802572
156073224219839(ns),accelerometer,-4.38917,1.4449008,-1.4311341
156073229165672(ns),accelerometer,-3.870227,1.3096284,-1.4802152
156073234107026(ns),accelerometer,-3.4476504,1.2934675,-1.4383167
156073239052026(ns),accelerometer,-3.0705638,1.388637,-1.2186487
156073244024474(ns),accelerometer,-3.0705638,1.388637,-1.2186487
156073248464683(ns),accelerometer,-2.6839,1.5053543,-0.9888053
156073253369370(ns),accelerometer,-2.2164323,1.6142905,-0.7733272
156073258575829(ns),accelerometer,-1.7118542,1.7166426,-0.6955156
156073263796193(ns),accelerometer,-1.127669,1.7830818,-0.6691794
156073268652287(ns),accelerometer,-0.46806642,1.780089,-0.7314286
156073273594057(ns),accelerometer,0.207697,1.7884687,-0.8403648
156073278548276(ns),accelerometer,0.96426475,1.7872716,-0.96785605
156073283492755(ns),accelerometer,1.7340006,1.7591397,-1.0887632
156073288459006(ns),accelerometer,2.5677812,1.6861166,-1.2138603
156073293289474(ns),accelerometer,3.4542346,1.5520413,-1.3437457
156073298368329(ns),accelerometer,4.244321,1.4670471,-1.5119383
156073302865359(ns),accelerometer,4.817134,1.4460979,-1.5412674
156073308340776(ns),accelerometer,5.3181205,1.46585,-1.3144168
156073313114057(ns),accelerometer,5.7766104,1.472434,-0.89303726
156073318075256(ns),accelerometer,6.0884547,1.560421,-0.42676646
156073323004161(ns),accelerometer,6.2075663,1.7848774,0.11552023
156073327964735(ns),accelerometer,6.409278,2.0308816,0.7086837
156073332902964(ns),accelerometer,6.8025255,2.248754,1.276708
156073337832443(ns),accelerometer,7.3938932,2.3612814,1.6729485
156073342800255(ns),accelerometer,8.095394,2.3894134,1.8818425
156073347506506(ns),accelerometer,8.941745,2.3277626,1.9686323
156073352776453(ns),accelerometer,9.950302,2.3714569,1.9686323
156073363020672(ns),accelerometer,11.090541,2.5157075,2.1392193
156073364283797(ns),accelerometer,13.441049,2.6856956,2.6593595
156073393099839(ns),accelerometer,19.612701,13.44883,8.359355
156073477865985(ns),accelerometer,19.612701,13.062166,5.067328
156073482956089(ns),accelerometer,19.612701,13.204022,4.905121
156073487859422(ns),accelerometer,19.612701,13.232753,4.7722425
156073493019995(ns),accelerometer,19.612701,13.224373,4.7758336
156073497842912(ns),accelerometer,19.612701,13.154942,4.9308586
156073502833120(ns),accelerometer,19.612701,13.073539,5.1882353
156073507623693(ns),accelerometer,19.612701,12.9005575,5.46297
156073512538589(ns),accelerometer,19.612701,12.679093,5.769428
156073517501297(ns),accelerometer,19.612701,12.45344,6.0770826
156073522448224(ns),accelerometer,19.612701,12.212823,6.408081
156073527693745(ns),accelerometer,19.181746,11.974001,6.7648168
156073532611036(ns),accelerometer,18.746,11.704654,6.9605427
156073537513745(ns),accelerometer,18.342577,11.437101,7.07726
156073542500776(ns),accelerometer,17.980455,11.180922,7.0347633
156073547449110(ns),accelerometer,17.617134,10.939706,6.901885
156073552387130(ns),accelerometer,17.3418,10.679337,6.643311
156073557309579(ns),accelerometer,17.083826,10.451289,6.3446345
156073562116714(ns),accelerometer,16.8875,10.222643,6.069301
156073567038902(ns),accelerometer,16.775572,9.994595,5.7825956
156073572315307(ns),accelerometer,16.74804,9.776723,5.5748987
156073577879162(ns),accelerometer,16.749836,9.540296,5.4288526
156073581851922(ns),accelerometer,16.766594,9.321824,5.2822075
156073587141297(ns),accelerometer,16.704346,9.062054,5.2139726
156073591760620(ns),accelerometer,16.63611,8.79091,5.2355204
156073596734266(ns),accelerometer,16.44996,8.561067,5.2804117
156073601962599(ns),accelerometer,16.159664,8.393473,5.3444567
156073606662079(ns),accelerometer,15.851411,8.14268,5.392939
156073611787287(ns),accelerometer,15.59164,7.8356237,5.397129
156073616294266(ns),accelerometer,15.342045,7.5112095,5.3318872
156073621242495(ns),accelerometer,14.941614,7.20535,5.29777
156073626155360(ns),accelerometer,14.422671,6.9485717,5.3276973
156073631658120(ns),accelerometer,13.845669,6.667852,5.4462104
156073636249162(ns),accelerometer,13.35366,6.364985,5.573103
156073641483901(ns),accelerometer,12.902353,6.084265,5.728726
156073646344475(ns),accelerometer,12.418126,5.768829,5.834071
156073651198276(ns),accelerometer,11.926117,5.45878,5.73531
156073656052756(ns),accelerometer,11.403583,5.175067,5.629367
156073660869162(ns),accelerometer,11.030087,4.84347,5.5760956
156073665801506(ns),accelerometer,10.679337,4.583699,5.4863133
156073670737651(ns),accelerometer,10.323798,4.338892,5.4043117
156073675820464(ns),accelerometer,9.980229,4.0916905,5.2486887
156073680647339(ns),accelerometer,9.665392,3.915717,5.092467
156073685666870(ns),accelerometer,9.321824,3.8121676,4.8279076
156073690454422(ns),accelerometer,8.898649,3.7193923,4.4580035
156073695416870(ns),accelerometer,8.455722,3.555988,3.9749734
156073700406974(ns),accelerometer,8.052299,3.318962,3.490746
156073705662495(ns),accelerometer,7.6734166,3.1184478,3.0268695
156073710576349(ns),accelerometer,7.265804,3.0148985,2.6461914
156073715485984(ns),accelerometer,6.8360443,2.9933507,2.4139538
156073720788537(ns),accelerometer,6.455965,3.015497,2.1703439
156073725416036(ns),accelerometer,6.1183825,2.9358897,1.9267339
156073730357651(ns),accelerometer,5.783793,2.7581203,1.7142484
156073735311036(ns),accelerometer,5.3564277,2.597709,1.5783775
156073740566349(ns),accelerometer,4.882974,2.4702177,1.501763
156073744874526(ns),accelerometer,4.4328647,2.379238,1.5047557
156073750174318(ns),accelerometer,4.009091,2.2625206,1.5448587
156073755947912(ns),accelerometer,3.5655649,2.1470003,1.5472529
156073759771453(ns),accelerometer,3.120842,2.0003555,1.5388732
156073765048067(ns),accelerometer,2.6617537,1.8722657,1.513734
156073769649370(ns),accelerometer,2.1188686,1.827973,1.5023615
156073774831088(ns),accelerometer,1.5143325,1.7908629,1.508347
156073779539474(ns),accelerometer,1.0594343,1.7357962,1.4730326
156073784701088(ns),accelerometer,0.6937199,1.661576,1.4155718
156073789405099(ns),accelerometer,0.38067806,1.5801731,1.2737153
156073794555463(ns),accelerometer,0.03232172,1.5574282,1.1971009
156073799646245(ns),accelerometer,-0.36990416,1.5598224,1.1558008
156073804234526(ns),accelerometer,-0.724246,1.5987282,1.146224
156073809526558(ns),accelerometer,-0.724246,1.5987282,1.146224
156073814124682(ns),accelerometer,-1.0402806,1.6041151,1.0821792
156073819931089(ns),accelerometer,-1.3557167,1.6591818,0.97862995
156073823972651(ns),accelerometer,-1.6382325,1.6657659,0.7954735
156073829307808(ns),accelerometer,-1.9614497,1.6460136,0.6218939
156073833915672(ns),accelerometer,-2.3038206,1.6651673,0.46148238
156073839188120(ns),accelerometer,-2.6527755,1.7417817,0.34955344
156073843777130(ns),accelerometer,-3.019687,1.834557,0.2837129
156073848934214(ns),accelerometer,-3.3692403,1.899799,0.17836803
156073853894630(ns),accelerometer,-3.6553473,1.9578584,0.0700304
156073858809370(ns),accelerometer,-3.9223008,2.0021513,-0.02813187
156073863768328(ns),accelerometer,-4.2419267,2.0578163,-0.1400608
156073868490203(ns),accelerometer,-4.547188,2.1392193,-0.24839842
156073873461453(ns),accelerometer,-4.8524485,2.1936872,-0.25558102
156073878505828(ns),accelerometer,-5.1810527,2.2720973,-0.31124622
156073883185203(ns),accelerometer,-5.4881086,2.3511062,-0.36272156
156073888422703(ns),accelerometer,-5.811326,2.4139538,-0.45250413
156073893370880(ns),accelerometer,-6.072294,2.4708161,-0.5279215
156073898482183(ns),accelerometer,-6.3099184,2.552219,-0.60453594
156073903131870(ns),accelerometer,-6.537368,2.6300306,-0.6087258
156073908063641(ns),accelerometer,-6.7211227,2.6743233,-0.6254852
156073913000203(ns),accelerometer,-6.9012866,2.755726,-0.6422446
156073918193849(ns),accelerometer,-7.0527196,2.8000188,-0.6817489
156073923119474(ns),accelerometer,-7.165247,2.8281507,-0.7697359
156073928211610(ns),accelerometer,-7.2807674,2.8892028,-0.9115923
156073933954890(ns),accelerometer,-7.3777328,2.8904,-1.1534066
156073937600151(ns),accelerometer,-7.4848733,2.854487,-1.3694834
156073942951245(ns),accelerometer,-7.5686703,2.8078,-1.5221137
156073947880568(ns),accelerometer,-7.6590514,2.7569232,-1.6705543
156073952862911(ns),accelerometer,-7.748235,2.742558,-1.7489643
156073957742912(ns),accelerometer,-7.803302,2.6862943,-1.7926586
156073962730516(ns),accelerometer,-7.787141,2.6803088,-1.8142064
156073967575464(ns),accelerometer,-7.739257,2.678513,-1.8315643
156073972594474(ns),accelerometer,-7.674015,2.6809072,-1.91596
156073977615568(ns),accelerometer,-7.5692687,2.6659436,-2.0003555
156073982539422(ns),accelerometer,-7.4561424,2.6479871,-1.9949685
156073987514214(ns),accelerometer,-7.3525934,2.630629,-2.010531
156073992424266(ns),accelerometer,-7.173627,2.556409,-2.0410569
156073997023381(ns),accelerometer,-6.9503675,2.5246856,-1.9925743
156074002087339(ns),accelerometer,-6.7492547,2.484583,-1.929128
156074006956922(ns),accelerometer,-6.527791,2.456451,-1.9081788
156074012064109(ns),accelerometer,-6.293159,2.3594859,-1.8842367
156074016805881(ns),accelerometer,-6.030994,2.2744915,-1.8285716
156074021760464(ns),accelerometer,-5.789778,2.184709,-1.8261774
156074026689943(ns),accelerometer,-5.5964465,2.107496,-1.8848352
156074031582339(ns),accelerometer,-5.430648,1.9907787,-1.9482816
156074036560308(ns),accelerometer,-5.246893,1.8644845,-1.9614497
156074041385099(ns),accelerometer,-5.0427876,1.7441759,-2.0284874
156074046345881(ns),accelerometer,-4.8027687,1.6651673,-2.0847511
156074051618536(ns),accelerometer,-4.5801077,1.5646108,-2.1332338
156074056508589(ns),accelerometer,-4.3287168,1.4586674,-2.1110873
156074061484005(ns),accelerometer,-4.0066967,1.3760674,-1.9237411
156074066334527(ns),accelerometer,-3.6314054,1.3784616,-1.6609775
156074071205099(ns),accelerometer,-3.2626984,1.3670892,-1.4646529
156074076110204(ns),accelerometer,-2.8341362,1.34195,-1.376666
156074081041922(ns),accelerometer,-2.367267,1.2731167,-1.3491327
156074086037704(ns),accelerometer,-1.9153614,1.2018893,-1.2090719
156074090925047(ns),accelerometer,-1.3700819,1.2042835,-1.039682
156074095828850(ns),accelerometer,-0.7320272,1.3030443,-0.82001406
156074100855359(ns),accelerometer,-0.089782566,1.4850036,-0.6386533
156074105920829(ns),accelerometer,0.6434417,1.6591818,-0.48003745
156074111733693(ns),accelerometer,1.4634558,1.7166426,-0.34356794
156074115420932(ns),accelerometer,2.3780408,1.7926586,-0.272939
156074120359787(ns),accelerometer,3.2986114,1.8405426,-0.18495208
156074125443224(ns),accelerometer,4.1395745,2.042254,-0.02633622
156074130530359(ns),accelerometer,4.9284644,2.3080103,0.089184016
156074135420776(ns),accelerometer,5.687426,2.484583,0.26635495
156074140362235(ns),accelerometer,6.443395,2.5623944,0.4866215
156074145309474(ns),accelerometer,7.08564,2.5803509,0.6697779
156074151063537(ns),accelerometer,7.5549035,2.7156234,0.89782566
156074155166765(ns),accelerometer,7.7410526,3.0693667,1.2785037
156074160125828(ns),accelerometer,7.8356237,3.490746,1.8782512
156074165073276(ns),accelerometer,7.9870567,3.8355112,2.4552538
156074170999839(ns),accelerometer,8.234857,4.0821137,2.9400797
156074174658536(ns),accelerometer,8.573636,4.3299136,3.3147724
156074179890620(ns),accelerometer,8.878299,4.5926776,3.643975
156074184569369(ns),accelerometer,9.102157,4.8243165,4.060566
156074189755620(ns),accelerometer,9.507375,4.935048,4.607641
156074194631036(ns),accelerometer,10.515932,4.9135003,5.1158104
156074199589891(ns),accelerometer,10.515932,4.9135003,5.1158104
156074204518015(ns),accelerometer,11.814188,4.955399,5.5431757
156074209508224(ns),accelerometer,12.865841,5.0930657,5.7586536
156074214448953(ns),accelerometer,13.922881,5.4420204,6.1285577
156074219309891(ns),accelerometer,14.872781,5.923255,6.463746
156074224282390(ns),accelerometer,15.497667,6.3667808,6.782175
156074229236453(ns),accelerometer,16.002245,6.7145386,7.0287776
156074234251817(ns),accelerometer,16.564882,7.0467343,7.092224
156074239165151(ns),accelerometer,17.076046,7.451354,7.013814
156074244108849(ns),accelerometer,17.481264,7.8972745,6.9928646
156074249208276(ns),accelerometer,17.85476,8.377911,6.9407907
156074254024161(ns),accelerometer,18.338987,8.908825,6.896498
156074260088484(ns),accelerometer,18.96567,9.407417,6.8360443
156074263988172(ns),accelerometer,19.612701,9.816227,6.7588315
156074268969474(ns),accelerometer,19.612701,10.286089,6.7001734
156074273892755(ns),accelerometer,19.612701,10.796054,6.6774287
156074278872599(ns),accelerometer,19.612701,11.2689085,6.625355
156074283752078(ns),accelerometer,19.612701,11.638813,6.5936313
156074289719839(ns),accelerometer,19.612701,11.873445,6.7187285
156074293608276(ns),accelerometer,19.612701,12.097302,7.020398
156074298573641(ns),accelerometer,19.612701,12.304401,7.413047
156074303519057(ns),accelerometer,19.574394,12.431892,7.9325886
156074308499943(ns),accelerometer,19.272726,12.431892,8.517372
156074313400047(ns),accelerometer,19.191322,12.288838,9.038112
156074318334787(ns),accelerometer,19.323004,12.106879,9.498995
156074323297703(ns),accelerometer,19.534891,11.975797,9.869498
156074327977183(ns),accelerometer,19.612701,11.80521,10.073005
156074332888536(ns),accelerometer,19.612701,11.572972,10.166978
156074338057808(ns),accelerometer,19.612701,11.318588,10.304645
156074342691401(ns),accelerometer,19.453487,11.100118,10.487202
156074347852131(ns),accelerometer,19.126678,10.875661,10.67814
156074352834838(ns),accelerometer,18.67597,10.669162,10.873865
156074357744526(ns),accelerometer,18.170195,10.444705,11.039664
156074362520411(ns),accelerometer,17.687164,10.208876,11.145009
156074367796453(ns),accelerometer,17.203537,9.932345,11.182717
156074372356557(ns),accelerometer,16.821062,9.668983,11.112088
156074377539683(ns),accelerometer,16.572065,9.388862,10.936713
156074382489213(ns),accelerometer,16.38053,9.09258,10.644022
156074387386818(ns),accelerometer,16.16565,8.833407,10.316615
156074392589057(ns),accelerometer,15.951369,8.602965,9.991004
156074397299058(ns),accelerometer,15.695189,8.377911,9.657611
156074402553432(ns),accelerometer,15.395315,8.176199,9.358934
156074407461089(ns),accelerometer,15.042769,8.0127945,9.024344
156074412483120(ns),accelerometer,14.65012,7.8625584,8.728661
156074417395516(ns),accelerometer,14.240113,7.727885,8.480263
156074422377911(ns),accelerometer,13.870808,7.545925,8.302493
156074427232860(ns),accelerometer,13.570335,7.3472066,8.15525
156074432264682(ns),accelerometer,13.372813,7.135918,8.006809
156074437134266(ns),accelerometer,13.233352,6.9048777,7.9547353
156074442152807(ns),accelerometer,13.101071,6.6079965,7.992444
156074446797183(ns),accelerometer,12.991537,6.314707,7.9834657
156074452016088(ns),accelerometer,12.816162,6.0878563,7.9355817
156074456933068(ns),accelerometer,12.525865,5.832874,7.93199
156074461846349(ns),accelerometer,12.194268,5.599439,7.9224133
156074467736870(ns),accelerometer,11.812991,5.357625,7.837419
156074471707338(ns),accelerometer,11.346721,5.1409497,7.6608467
156074476684943(ns),accelerometer,10.965444,4.9613843,7.5136037
156074481609109(ns),accelerometer,10.638037,4.751293,7.4549456
156074486310620(ns),accelerometer,10.2735195,4.4993033,7.4004774
156074491312286(ns),accelerometer,9.869498,4.267066,7.3047094
156074496037704(ns),accelerometer,9.407417,4.147356,7.1610575
156074500862807(ns),accelerometer,8.91481,3.9923313,7.0688806
156074505889891(ns),accelerometer,8.48146,3.8349125,6.8863225
156074511004057(ns),accelerometer,8.103774,3.6673183,6.64391
156074515744318(ns),accelerometer,7.7464395,3.5087025,6.2345014
156074520679995(ns),accelerometer,7.4058642,3.3596635,5.8574142
156074525774735(ns),accelerometer,7.137714,3.21661,5.425261
156074530794526(ns),accelerometer,6.791752,3.0639796,5.0038815
156074535433588(ns),accelerometer,6.451775,2.871845,4.6621094
156074540528641(ns),accelerometer,6.0501475,2.7563248,4.420295
156074545724422(ns),accelerometer,5.6161985,2.6970682,4.2556934
156074550357495(ns),accelerometer,5.1822495,2.6791117,4.0785227
156074555328640(ns),accelerometer,4.8177323,2.5875335,3.9336734
156074560428328(ns),accelerometer,4.4687777,2.457648,3.8025908
156074565432026(ns),accelerometer,4.0719385,2.3714569,3.6565444
156074570482755(ns),accelerometer,3.6290112,2.3068132,3.5715504
156074575333432(ns),accelerometer,3.1902738,2.223615,3.5296519
156074580351974(ns),accelerometer,2.795829,2.1529858,3.5140896
156074585290619(ns),accelerometer,2.4744074,2.0829554,3.4967315
156074590244682(ns),accelerometer,2.4744074,2.0829554,3.4967315
156074595179682(ns),accelerometer,2.1697452,2.1266496,3.417723
156074599724266(ns),accelerometer,1.7992426,2.2188265,3.292626
156074605136869(ns),accelerometer,1.4359225,2.2990322,3.1304188
156074610049162(ns),accelerometer,1.0887632,2.3427265,2.9376855
156074614995255(ns),accelerometer,0.75956047,2.4313118,2.8173769
156074619929890(ns),accelerometer,0.54527944,2.5198972,2.6671407
156074624806087(ns),accelerometer,0.44592008,2.5797524,2.5037365
156074629525931(ns),accelerometer,0.39624038,2.6354175,2.349909
156074634809785(ns),accelerometer,0.32680854,2.7311857,2.19249
156074639464317(ns),accelerometer,0.21068975,2.8179753,2.0644004
156074645297962(ns),accelerometer,-0.20530279,2.9299042,1.9165585
156074649305931(ns),accelerometer,-0.20530279,2.9299042,1.9165585
156074654589525(ns),accelerometer,-0.50876784,3.0412347,1.827973
156074659152597(ns),accelerometer,-0.81881696,3.1411927,1.8070238
156074663992701(ns),accelerometer,-1.0432734,3.2321723,1.7244238
156074669102649(ns),accelerometer,-1.2515689,3.301604,1.6166847
156074674010045(ns),accelerometer,-1.4814123,3.369839,1.5095441
156074678957337(ns),accelerometer,-1.6603789,3.4500446,1.4137762
156074683889368(ns),accelerometer,-1.87047,3.517681,1.2814964
156074689024005(ns),accelerometer,-2.1332338,3.5883098,1.1563994
156074693965255(ns),accelerometer,-2.4420857,3.6535518,1.003769
156074698984891(ns),accelerometer,-2.7742813,3.7391446,0.8391677
156074703675255(ns),accelerometer,-3.12982,3.8229415,0.61890113
156074708627494(ns),accelerometer,-3.515885,3.934272,0.40821138
156074713795723(ns),accelerometer,-3.8594532,4.047398,0.20290859
156074718938380(ns),accelerometer,-4.1892543,4.177882,-0.026934769
156074723889317(ns),accelerometer,-4.5058875,4.2969937,-0.19393034
156074728750724(ns),accelerometer,-4.7842135,4.381389,-0.31663316
156074733734161(ns),accelerometer,-4.9823337,4.4819455,-0.41718966
156074738631401(ns),accelerometer,-5.1541176,4.6154222,-0.5614403
156074743643327(ns),accelerometer,-5.3019595,4.727351,-0.6099229
156074748485359(ns),accelerometer,-5.3420625,4.7734394,-0.736217
156074753463379(ns),accelerometer,-5.321712,4.8141413,-0.88286185
156074758367755(ns),accelerometer,-5.2462945,4.8297033,-1.0307038
156074763357963(ns),accelerometer,-5.1690817,4.793192,-1.1366472
156074768250099(ns),accelerometer,-5.083489,4.7740383,-1.2312182
156074773237234(ns),accelerometer,-5.0080714,4.759673,-1.3377602
156074778134630(ns),accelerometer,-4.961983,4.746505,-1.5478514
156074783165307(ns),accelerometer,-4.955399,4.6938324,-1.7375919
156074788017338(ns),accelerometer,-4.9536033,4.6046486,-1.9440918
156074792967129(ns),accelerometer,-4.969166,4.4819455,-2.1039047
156074797909265(ns),accelerometer,-4.993706,4.3993454,-2.2200236
156074802833692(ns),accelerometer,-5.073313,4.308366,-2.2583308
156074807790984(ns),accelerometer,-5.1942205,4.226963,-2.2709002
156074812733327(ns),accelerometer,-5.2959743,4.134786,-2.179322
156074817713796(ns),accelerometer,-5.392939,4.087501,-2.136825
156074823660827(ns),accelerometer,-5.5551467,4.007295,-2.178125
156074827334109(ns),accelerometer,-5.7161565,3.8905778,-2.2499511
156074832564213(ns),accelerometer,-5.825093,3.7361517,-2.4839842
156074837435099(ns),accelerometer,-5.952584,3.57993,-2.6204538
156074842466296(ns),accelerometer,-6.1010246,3.3985693,-2.534861
156074847099838(ns),accelerometer,-6.2524576,3.1543608,-2.4911668
156074852400255(ns),accelerometer,-6.4140663,3.0041246,-2.4558525
156074857027234(ns),accelerometer,-6.621763,2.9352913,-2.4612393
156074861952546(ns),accelerometer,-6.7564373,2.8574798,-2.3451207
156074866863328(ns),accelerometer,-6.7803793,2.7551277,-2.1254525
156074871801348(ns),accelerometer,-6.6893997,2.610877,-1.8902222
156074876730880(ns),accelerometer,-6.531981,2.457648,-1.6406267
156074881883848(ns),accelerometer,-6.299743,2.2798786,-1.5227122
156074886824161(ns),accelerometer,-5.981314,2.1021092,-1.448492
156074891858900(ns),accelerometer,-5.5844755,1.8956091,-1.3826514
156074896524161(ns),accelerometer,-5.1942205,1.7172412,-1.3030443
156074901523223(ns),accelerometer,-4.76087,1.5801731,-1.1701661
156074906073901(ns),accelerometer,-4.324527,1.4532804,-1.1318588
156074911424630(ns),accelerometer,-3.9121256,1.371279,-1.1079168
156074916177338(ns),accelerometer,-3.4967315,1.3024458,-1.1210849
156074920957546(ns),accelerometer,-3.0496144,1.2258313,-1.1767502
156074925846765(ns),accelerometer,-2.60549,1.1492168,-1.1617863
156074930817130(ns),accelerometer,-2.1936872,1.1073183,-1.1408371
156074935764526(ns),accelerometer,-1.8315643,1.0366893,-1.0672154
156074940877963(ns),accelerometer,-1.489792,1.0169371,-0.9187749
156074945805203(ns),accelerometer,-1.115698,1.0145429,-0.7170634
156074950790411(ns),accelerometer,-0.7422025,0.9804256,-0.4973954
156074955907390(ns),accelerometer,-0.35075054,0.9911995,-0.35314476
156074961000359(ns),accelerometer,0.08678981,0.99658644,-0.22984336
156074965804161(ns),accelerometer,0.56922144,1.0408791,-0.16101007
156074970589317(ns),accelerometer,1.1049241,1.0594343,-0.15023616
156074975517650(ns),accelerometer,1.6693572,1.0360907,-0.24600422
156074980453953(ns),accelerometer,1.6693572,1.0360907,-0.24600422
156074985390046(ns),accelerometer,2.243367,1.0348936,-0.4381389
156074990441296(ns),accelerometer,2.755726,1.1240777,-0.57520694
156074995381556(ns),accelerometer,3.2704794,1.2413936,-0.5590461
156075001252130(ns),accelerometer,4.347272,1.3329718,-0.19692309
156075005163327(ns),accelerometer,4.347272,1.3329718,-0.19692309
156075010223536(ns),accelerometer,4.911106,1.2587515,0.034117375
156075015124004(ns),accelerometer,5.5617304,1.2366052,0.43394905
156075020156557(ns),accelerometer,6.311714,1.2150574,1.0540473
156075025029369(ns),accelerometer,7.2083426,1.2306197,1.7298107
156075029804161(ns),accelerometer,8.186374,1.1959038,2.380435
156075034753796(ns),accelerometer,9.19134,1.1785458,2.996942
156075039698744(ns),accelerometer,10.087969,1.2162545,3.7588966
156075044643327(ns),accelerometer,10.879252,1.4143747,4.5687356
156075049596453(ns),accelerometer,11.725603,1.7328035,5.4019175
156075054517442(ns),accelerometer,12.699445,2.011728,6.1465144
156075059824786(ns),accelerometer,13.922881,2.349909,6.82946
156075064687963(ns),accelerometer,15.33965,2.8083985,7.529764
156075069624265(ns),accelerometer,16.461334,3.256713,8.059482
156075074567494(ns),accelerometer,17.54531,3.6978445,8.665215
156075079610932(ns),accelerometer,18.717869,4.1796775,9.302073
156075084517442(ns),accelerometer,19.612701,4.7429137,10.0029745
156075089456973(ns),accelerometer,19.612701,5.4623713,10.823587
156075094390463(ns),accelerometer,19.612701,6.201581,11.769896
156075099335046(ns),accelerometer,19.612701,6.908469,12.659342
156075104274421(ns),accelerometer,19.612701,7.615956,13.261483
156075109224838(ns),accelerometer,19.612701,8.243835,13.672089
156075113945098(ns),accelerometer,19.612701,8.838196,14.015656
156075119121140(ns),accelerometer,19.612701,9.2865095,14.176667
156075124039577(ns),accelerometer,19.612701,9.582193,14.3496475
156075128860723(ns),accelerometer,19.612701,9.746795,14.634558
156075133992650(ns),accelerometer,19.612701,9.81084,15.051149
156075138655984(ns),accelerometer,19.612701,9.680955,15.5359745
156075143626817(ns),accelerometer,19.612701,9.43914,16.089634
156075148604630(ns),accelerometer,19.612701,9.137471,16.657658
156075153414109(ns),accelerometer,19.564219,8.717288,17.342999
156075158601244(ns),accelerometer,18.504187,8.224682,18.033127
156075163443067(ns),accelerometer,17.369335,7.72968,18.684351
156075168532390(ns),accelerometer,16.235083,7.317279,19.185936
156075173286973(ns),accelerometer,15.179238,6.9886746,19.460072
156075179353953(ns),accelerometer,14.135965,6.775591,19.49718
156075183176452(ns),accelerometer,13.157934,6.5960255,19.237411
156075187994994(ns),accelerometer,12.203845,6.3422403,18.634071
156075192962286(ns),accelerometer,11.3323555,6.081272,17.669209
156075197965046(ns),accelerometer,10.494983,5.81372,16.613964
156075202850984(ns),accelerometer,9.683349,5.637148,15.471332
156075207687234(ns),accelerometer,8.971074,5.521628,14.3658085
156075212675359(ns),accelerometer,8.3551655,5.341464,13.331513
156075217970151(ns),accelerometer,7.89907,5.129577,12.44925
156075222846088(ns),accelerometer,7.5465236,4.9266686,11.724405
156075228666244(ns),accelerometer,7.2927384,4.681263,11.261127
156075232432650(ns),accelerometer,7.101202,4.385579,11.055226
156075237565515(ns),accelerometer,6.9587474,4.14975,11.027693
156075242485671(ns),accelerometer,6.8222775,3.8893807,11.166556
156075247329213(ns),accelerometer,6.6295447,3.6302083,11.43351
156075252425879(ns),accelerometer,6.3661823,3.366846,11.780071
156075257217911(ns),accelerometer,6.0465565,3.1172507,12.078748
156075262131452(ns),accelerometer,5.6886234,2.9735985,12.315175
156075267052026(ns),accelerometer,5.29777,2.8790276,12.367847
156075271975202(ns),accelerometer,4.920683,2.7814639,12.296021
156075276790515(ns),accelerometer,4.4999022,2.778471,12.0248785
156075281617025(ns),accelerometer,4.0863037,2.8209682,11.573571
156075286555567(ns),accelerometer,3.7588966,2.7551277,10.993576
156075291773796(ns),accelerometer,3.4476504,2.7072437,10.396821
156075296417234(ns),accelerometer,3.240552,2.7551277,9.729437
156075301633692(ns),accelerometer,3.164536,2.8574798,9.142858
156075306427078(ns),accelerometer,3.2231941,2.920926,8.515577
156075311546921(ns),accelerometer,3.3836055,2.8628666,7.855376
156075316776036(ns),accelerometer,3.5511997,2.7850552,7.304111
156075321729838(ns),accelerometer,3.6996403,2.7389667,6.903082
156075326346817(ns),accelerometer,3.8642416,2.6844985,6.7402763
156075331618484(ns),accelerometer,3.9917328,2.6844985,6.670246
156075336272547(ns),accelerometer,4.0898952,2.6623523,6.5349736
156075341455202(ns),accelerometer,4.1701007,2.544438,6.471527
156075346224734(ns),accelerometer,4.1054573,2.4480712,6.4589577
156075351457442(ns),accelerometer,3.876811,2.4366987,6.5271926
156075357323380(ns),accelerometer,3.6409822,2.3882163,6.6361284
156075361279369(ns),accelerometer,3.4153287,2.3223755,6.794146
156075366348119(ns),accelerometer,3.1615434,2.2463598,6.973711
156075371177286(ns),accelerometer,3.1615434,2.2463598,6.973711
156075376164942(ns),accelerometer,2.9358897,2.1745336,7.1592617
156075381066400(ns),accelerometer,2.7700913,2.1206641,7.319673
156075386025515(ns),accelerometer,2.6030958,2.1051018,7.331644
156075390956036(ns),accelerometer,2.4378958,2.1021092,7.2819643
156075395907703(ns),accelerometer,2.3116016,2.1242554,7.264008
156075400598067(ns),accelerometer,2.2631192,2.1960814,7.173627
156075405769005(ns),accelerometer,2.2762873,2.2535424,6.9970546
156075410493223(ns),accelerometer,2.3540988,2.2768857,6.799533
156075415430983(ns),accelerometer,2.508525,2.3259668,6.675633
156075420385202(ns),accelerometer,2.6767175,2.4025815,6.5379663
156075425294160(ns),accelerometer,2.8880057,2.4504654,6.4218473
156075430238952(ns),accelerometer,3.0364463,2.5067291,6.469133
156075435108067(ns),accelerometer,3.1531637,2.5917234,6.5643024
156075440122963(ns),accelerometer,3.1705215,2.6862943,6.634333
156075444737181(ns),accelerometer,3.0310593,2.7665,6.7283053
156075449691088(ns),accelerometer,2.7856536,2.8413188,6.8689647
156075454629369(ns),accelerometer,2.5689783,2.883816,7.0024414
156075460053119(ns),accelerometer,2.416348,2.9352913,7.185598
156075465001244(ns),accelerometer,2.3122003,3.0262709,7.275979
156075469979473(ns),accelerometer,2.1769278,3.1399956,7.2298903
156075474919733(ns),accelerometer,2.0644004,3.205836,7.2310877
156075479828275(ns),accelerometer,1.9901801,3.2638955,7.193379
156075484894681(ns),accelerometer,1.917157,3.317765,7.1706343
156075489454369(ns),accelerometer,1.827973,3.38181,7.1724296
156075494804942(ns),accelerometer,1.8112136,3.482965,7.2149267
156075499728536(ns),accelerometer,1.8525136,3.5164838,7.247847
156075504647390(ns),accelerometer,1.9764135,3.5613751,7.2484455
156075509156400(ns),accelerometer,2.095525,3.5853171,7.301118
156075514116400(ns),accelerometer,2.2559366,3.6044707,7.399879
156075519361192(ns),accelerometer,2.4851813,3.615843,7.445967
156075524356713(ns),accelerometer,2.6593595,3.6254199,7.4483614
156075529172234(ns),accelerometer,2.7976246,3.7056258,7.472902
156075535264994(ns),accelerometer,2.9203274,3.8283286,7.414244
156075538965098(ns),accelerometer,2.9604304,3.8750155,7.309498
156075544062390(ns),accelerometer,2.859874,3.8786068,7.355586
156075548995723(ns),accelerometer,2.7126305,3.9055414,7.5028296
156075553982181(ns),accelerometer,2.52289,3.9959226,7.6602483
156075559019890(ns),accelerometer,2.360683,4.0252514,7.880515
156075563971973(ns),accelerometer,2.2529438,4.006098,8.095993
156075568829525(ns),accelerometer,2.086547,4.0533834,7.599795
156075573817546(ns),accelerometer,1.9147629,3.9983168,8.158841
156075578356036(ns),accelerometer,1.7274165,3.715801,8.416218
156075583148327(ns),accelerometer,1.6478093,3.6721067,7.988254
156075588507859(ns),accelerometer,1.5340848,3.6469676,8.1797905
156075593442181(ns),accelerometer,1.4754268,3.6996403,8.440758
156075597868744(ns),accelerometer,1.4688427,3.776853,8.324639
156075603192338(ns),accelerometer,1.6286557,4.1293993,8.095394
156075607883640(ns),accelerometer,1.9327193,4.209605,7.6865845
156075613321869(ns),accelerometer,2.2870612,4.3640313,7.379528
156075617726921(ns),accelerometer,2.5342624,4.7255554,7.229292
156075622791400(ns),accelerometer,2.7144263,4.783615,7.025785
156075627779630(ns),accelerometer,2.7659016,4.743512,6.8091097
156075632803588(ns),accelerometer,2.7712884,4.7081976,6.679224
156075637536348(ns),accelerometer,2.6856956,4.6285906,6.719327
156075642618848(ns),accelerometer,2.5845408,4.574721,6.857592
156075647346817(ns),accelerometer,2.544438,4.4675803,7.0491285
156075652308536(ns),accelerometer,2.5192988,4.3460746,7.3088994
156075657419526(ns),accelerometer,2.4971523,4.1760864,7.60578
156075662296869(ns),accelerometer,2.5067291,4.011485,7.9301944
156075667111036(ns),accelerometer,2.4486697,3.9306808,8.269572
156075672380098(ns),accelerometer,2.367267,3.8181531,8.579621
156075677142078(ns),accelerometer,2.220622,3.7594953,8.93576
156075682338119(ns),accelerometer,2.0500352,3.7205894,9.323022
156075687006974(ns),accelerometer,1.893215,3.7020345,9.6528225
156075691825150(ns),accelerometer,1.8118122,3.6367924,9.998785
156075696810411(ns),accelerometer,1.8423382,3.582923,10.268731
156075701893067(ns),accelerometer,1.9925743,3.638588,10.493188
156075706684161(ns),accelerometer,2.1894975,3.751714,10.692505
156075712467181(ns),accelerometer,2.4007857,3.9486372,10.772711
156075716476609(ns),accelerometer,2.4941597,4.043208,10.67814
156075721642859(ns),accelerometer,2.3505075,4.0922894,10.539276
156075726423276(ns),accelerometer,2.1374235,4.223372,10.472239